{"cameraMode":{"drawMode":0,"name":"Shaded","section":"Shading Mode"},"sceneLighting":false,"audioPlay":false,"sceneViewState":{"showFog":true,"showMaterialUpdate":true,"showSkybox":true,"showFlares":true,"showImageEffects":true,"showParticleSystems":true},"in2DMode":false,"pivot":{"x":7.693393707275391,"y":-10.026508331298829,"z":10.503742218017579},"rotation":{"x":-0.3192688226699829,"y":0.6307843923568726,"z":-0.31907686591148379,"w":-0.6311643123626709},"size":75.65200805664063,"orthographic":false}