{"cameraMode":{"drawMode":0,"name":"Shaded","section":"Shading Mode"},"sceneLighting":false,"audioPlay":false,"sceneViewState":{"showFog":true,"showMaterialUpdate":false,"showSkybox":true,"showFlares":true,"showImageEffects":true,"showParticleSystems":true},"in2DMode":false,"pivot":{"x":-1.5136158466339112,"y":12.178442001342774,"z":1.977142333984375},"rotation":{"x":-0.07791890949010849,"y":-0.007477160543203354,"z":0.0005844046245329082,"w":-0.9969314932823181},"size":26.7823543548584,"orthographic":false}